{
    "validation_accuracy": 0.8424999999999999,
    "test_accuracy": 0.9121951219512195
}